{
	"type": "FlyingUnit",
	"name": "Draco",
	"description": "Cruiser-class battleship. Equipped with scorch-class armaments. High close range damage.",
   "drag": 0.05,
	"speed": 0.05,
	"mass": 20,
	"hitsize": 25,
	"health": 800,
  "flying": true,
	"rotateWeapon": true,
	"engineOffset": 11,
	"engineSize": 4,
	"rotatespeed": 0.1,
	"baseRotateSpeed": 0.2,
	"shootCone": 360,
	"weapon": {
		"name": "draco-scorch",
		"length": 1,
		"width": 6,
		"reload": 0.5,
    "shots": 4,
    "shootcone": 40,
    "shotDelay": 1,
		"alternate": false,
    "velocityRnd": 0.4,
    "spacing": 0.5,
    "shootSound": "artillery",
		"bullet": "pyraFlame",
	}
}
