{
	"type": "HoverUnit",
	"name": "Firestorm",
	"description": "Cruiser-class battleship. Equipped with firestorm miniguns which set fire to unshielded areas.",
    "drag": 0.1,
	"speed": 0.1,
	"mass": 40,
	"hitsize": 30,
	"health": 1000,
  "flying": true,
	"rotateWeapon": true,
	"engineOffset": 10,
	"engineSize": 4,
	"rotatespeed": 0.4,
	"baseRotateSpeed": 0.4,
	"shootCone": 200,
	"weapon": {
		"name": "firestorm-minigun",
		"length": 0.1,
		"width": 0.1,
		"reload": 200,
    "shots": 50, 
    "shootcone": 200,
    "shotDelay": 1,
		"alternate": false,
    "velocityRnd": 0.4,
    "spacing": 0.5,
    "shootSound": "artillery",
		"bullet": {
		  "type": "BasicBulletType",
      "bulletWidth": 3,
      "speed": 3,
      "damage": 0.4,
      "bulletHeight": 8,
      "bulletShrink": 0,
       "inaccuracy": 5,
       "status": "melting",
       "statusDuration": 1700,
      "lifetime": 100,
      "splashDamageRadius": 25,
      "splashDamage": 0.3,
      "incendAmount": 5,
      "incendSpread": 6,
      "incendChance": 50,
     "backColor": "ffffcc",
     "frontColor": "ffee99",
    "hitEffect": "blastExplosion",
     "despawnEffect": "blastExplosion",   
      "shootSound": "laserbig",
}
	}
}
