{
	"type": "HoverUnit",
	"name": "Aquarius",
	"description": "Cruiser-class battleship. Equipped with cryo bullets which cause damage and freeze enemies. useful in stalling capitals and fleets",
    "drag": 0.1,
	"speed": 0.12,
	"mass": 35,
	"hitsize": 27,
	"health": 1000,
  "flying": true,
	"rotateWeapon": true,
	"engineOffset": 10,
	"engineSize": 4,
	"rotatespeed": 0.4,
	"baseRotateSpeed": 0.4,
	"shootCone": 300,
	"weapon": {
		"name": "glacier-cannon",
		"length": 0.1,
		"width": 6,
		"reload": 170,
    "shots": 5, 
    "shootcone": 200,
    "shotDelay": 2,
		"alternate": true,
    "velocityRnd": 0.4,
    "spacing": 0.5,
    "shootSound": "artillery",
		"bullet": {
		  "type": "BasicBulletType",
      "bulletWidth": 8,
      "speed": 7,
      "damage": 8,
      "bulletHeight": 16,
      "bulletShrink": 0,
       "inaccuracy": 5,
       "status": "freezing",
       "statusDuration": 400,
      "lifetime": 70,
      "splashDamageRadius": 25,
      "splashDamage": 0.1,
     "frontColor": "88eeee",
    "hitEffect": "blastExplosion",
     "despawnEffect": "blastExplosion",   
      "shootSound": "laserbig",
}
	}
}
