{
	"type": "FlyingUnit",
	"name": "Hawk",
	"description": "fast unit with light sniper armaments.",
   "drag": 0.08,
	"speed": 0.1,
	"mass": 10,
	"hitsize": 15,
	"health": 100,
  "flying": true,
	"rotateWeapon": false,
	"engineOffset": 8,
	"engineSize": 2,
	"rotatespeed": 1,
	"baseRotateSpeed": 1,
	"shootCone": 360,
	"weapon": {
		"name": "hawk-sniper",
		"length": 1,
		"width": 0.1,
		"reload": 270,
    "shots": 1,
    "shootcone": 360,
    "shotDelay": 2,
		"alternate": false,
    "velocityRnd": 0.4,
    "spacing": 0.5,
    "shootSound": "artillery",
		"bullet": {
		  "type": "BasicBulletType",
      "bulletWidth": 5,
      "speed": 100,
      "knockback": 2,
      "damage": 50,
      "bulletHeight": 10,
      "bulletShrink": 0,
       "inaccuracy": 0,
      "lifetime": 500,
      "splashDamageRadius": 10,
      "splashDamage": 10,
     "backColor": "ffeeff",
     "frontColor": "ffeeff",
    "hitEffect": "blastExplosion",
     "despawnEffect": "blastExplosion",   
      "shootSound": "laserbig",
}
	}
}
