{
	"type": "FlyingUnit",
	"name": "Hephaestus",
	"description": "Cruiser-class battleship. Equipped with hephaestean blaze actuators which leave lingering explosive trails.",
   "drag": 0.05,
	"speed": 0.07,
	"mass": 20,
	"hitsize": 25,
	"health": 1000,
  "flying": true,
	"rotateWeapon": true,
	"engineOffset": 11,
	"engineSize": 4,
	"rotatespeed": 0.1,
	"baseRotateSpeed": 0.2,
	"shootCone": 360,
	"weapon": {
		"name": "hephaestean-blaze",
		"length": 1,
		"width": 6,
		"reload": 100,
    "shots": 30,
    "shootcone": 360,
    "shotDelay": 15,
		"alternate": false,
    "velocityRnd": 0.4,
    "spacing": 0.5,
    "shootSound": "artillery",
		"bullet": {
		  "type": "BasicBulletType",
      "bulletWidth": 12,
      "speed": 0.03,
      "damage": 7,
      "drag": 0.01,
      "bulletHeight": 20,
      "bulletShrink": 0,
      "lifetime": 700,
       "splashDamageRadius": 35,
      "splashDamage": 7,
      "backColor": "ffffff",
      "frontColor": "ffeedd",
      "hitEffect": "blastExplosion",
      "despawnEffect": "blastExplosion", 
      "shootSound": "laserbig",
}
	}
}
