{
	"type": "Revenant",
	"name": "Kugelblitz",
	"description": "Cruiser-class battleship. Equipped with E.M.P. missiles which cause little damage but over a vast area",
   "drag": 0.15,
	"speed": 0.1,
	"mass": 30,
	"hitsize": 30,
	"health": 1000,
  "flying": true,
	"rotateWeapon": true,
	"engineOffset": 12,
	"engineSize": 5,
	"rotatespeed": 0.05,
	"baseRotateSpeed": 0.07,
	"shootCone": 70,
	"weapon": {
		"name": "emp-cannons",
		"length": 1,
		"width": 6,
		"reload": 160,
    "shots": 1,
    "shootcone": 120,
    "shotDelay": 1,
		"alternate": true,
    "velocityRnd": 0.4,
    "spacing": 0,
    "shootSound": "artillery",
		"bullet": {
		"type": "MissileBulletType",
      "bulletWidth": 8,
      "speed": 5,
      "damage": 5,
      "bulletHeight": 8,
      "bulletShrink": 0,
      "drag": -0.002,
      "homingRange": 120,
      "keepVelocity": false,
      "splashDamageRadius": 201,
      "splashDamage": 8,
      "lifetime": 100,
      "trailColor": "ddeeff",
      "backColor": "ddddff",
      "frontColor": "ddefff",
      "hitEffect": "blastExplosion",
      "despawnEffect": "blastExplosion",
      "weaveScale": 6,
      "weaveMag": 1
      }
	}
}
