{
	"type": "Revenant",
	"name": "Meteorite",
	"description": "Capital class meteorite battleship. Equipped with nuclear warheads. Effective against large fleets.",
	
  "drag": 0.15,
	"speed": 0.05,
	"mass": 90,
	"hitsize": 50,
	"health": 6000,
    "flying": true,
	"rotateWeapon": true,
	"engineOffset": 13,
	"engineSize": 15,
	"rotatespeed": 0.03,
	"baseRotateSpeed": 0.07,
	"shootCone": 70,
	"weapon": {
		"name": "meteorite-nuke",
		"length": 4,
		"width": 14,
		"reload": 650,
    "shots": 1,
    "shootcone": 120,
    "shotDelay": 1,
		"alternate": true,
    "velocityRnd": 0.4,
    "spacing": 1,
    "shootSound": "artillery",
		"bullet": {
		"type": "MissileBulletType",
      "bulletWidth": 16,
      "speed": 1.3,
      "damage": 800,
      "bulletHeight": 24,
      "bulletShrink": 0,
      "drag": -0.002,
      "homingRange": 100,
      "keepVelocity": false,
      "splashDamageRadius": 200,
      "splashDamage": 750,
      "lifetime": 340,
      "trailColor": "ff66dd",
      "backColor": "ffb3e0",
      "frontColor": "fe8ff3",
      "hitEffect": "blastExplosion",
      "despawnEffect": "blastExplosion",
      "weaveScale": 10,
      "weaveMag": 1
      }
	}
}
