{
	"type": "FlyingUnit",
	"name": "Nebula",
	"description": "Cruiser-class battleship. Equipped with electric arcs. allowing damage past walls.",
    "drag": 0.05,
	"speed": 0.15,
	"mass": 40,
	"hitsize": 30,
	"health": 800,
  "flying": true,
	"rotateWeapon": true,
	"engineOffset": 10,
	"engineSize": 4,
	"rotatespeed": 0.4,
	"baseRotateSpeed": 0.4,
	"shootCone": 360,
	"weapon": {
		"name": "nebula-coil",
		"length": 0.1,
		"width": 7,
		"reload": 140,
    "shots": 7, 
    "shootcone": 250,
    "shotDelay": 2.5,
		"alternate": true,
    "velocityRnd": 0.4,
    "spacing": 0.5,
    "shootSound": "artillery",
		"bullet": "lightning",
	}
}
