{
	"type": "FlyingUnit",
	"name": "Phantasm",
	"description": "Hard to hit stealth cruiser. Excellent diversion unit.",
   "drag": 0.03,
	"speed": 0.13,
	"mass": 10,
	"hitsize": 1,
	"health": 500,
  "flying": true,
	"rotateWeapon": true,
	"engineOffset": 8,
	"engineSize": 0.01,
	"rotatespeed": 7,
	"baseRotateSpeed": 7,
	"shootCone": 360,
	"weapon": {
		"name": "nothing",
		"length": 1,
		"width": 0.1,
		"reload": 50,
    "shots": 2,
    "shootcone": 360,
    "shotDelay": 2,
		"alternate": true,
    "velocityRnd": 0.4,
    "spacing": 0.5,
    "shootSound": "artillery",
		"bullet": {
		  "type": "BasicBulletType",
      "bulletWidth": 8,
      "speed": 7,
      "drag": -1,
      "damage": 5,
      "bulletHeight": 14,
      "bulletShrink": 0,
       "inaccuracy": 12,
      "lifetime":50,
      "splashDamageRadius": 10,
      "splashDamage": 4,
     "backColor": "f0f570",
     "frontColor": "f0d570", 
      "shootSound": "laserbig",
}
	}
}
