{
	"type": "Revenant",
	"name": "Promethean",
	"description": "Mothership-class missile array destroyer. Equipped with fast reload high damage missile bays and extreme damage endurance, levelling bases with ease.",
  "drag": 0.15,
	"speed": 0.05,
	"mass": 80,
	"hitsize": 70,
	"health": 24000,
  "flying": true,
	"rotateWeapon": true,
	"engineOffset": 35,
	"engineSize": 20,
	"rotatespeed": 0.01,
	"baseRotateSpeed": 0.04,
	"shootCone": 360,
	"weapon": {
		"name": "supreme-missiles",
		"length": 4,
		"width": 35,
		"reload": 60,
    "shots": 50,
    "shootcone": 120,
    "shotDelay": 1,
		"alternate": true,
    "velocityRnd": 0.4,
    "spacing": 1,
    "shootSound": "artillery",
		"bullet": {
		"type": "MissileBulletType",
      "bulletWidth": 8,
      "speed": 4,
      "damage": 50,
      "bulletHeight": 8,
      "bulletShrink": 0,
      "drag": -0.002,
      "homingRange": 120,
      "keepVelocity": false,
      "splashDamageRadius": 40,
      "splashDamage": 20,
      "lifetime": 60,
      "trailColor": "ff6600",
      "backColor": "ff9340",
      "frontColor": "fc6f03",
      "hitEffect": "blastExplosion",
      "despawnEffect": "blastExplosion",
      "weaveScale": 6,
      "weaveMag": 1
      }
	}
}
