{
	"type": "Revenant",
	"name": "Sagittarius",
	"description": "Cruiser-class railgun battleship. Charges long-range takedown railgun bullets over long periods of time. Counter for capital ships.",
   "drag": 0.4,
	"speed": 0.08,
	"mass": 30,
	"hitsize": 30,
	"health": 1000,
  "flying": true,
	"rotateWeapon": false,
	"engineOffset": 12,
	"engineSize": 3,
	"rotatespeed": 0.05,
	"baseRotateSpeed": 0.02,
	"shootCone": 120,
	"weapon": {
		"name": "nothing",
		"length": 50,
		"width": 0.1,
		"reload": 2000,
    "shots": 1,
    "shootcone": 120,
    "shotDelay": 1,
		"alternate": true,
    "velocityRnd": 0.4,
    "spacing": 0,
    "shootSound": "artillery",
		"bullet": {
		"type": "BasicBulletType",
      "bulletWidth": 12,
      "speed": 70,
      "knockback": 15,
      "recoil": 10,
      "damage": 4000,
      "bulletHeight": 70,
      "bulletShrink": 0,
      "drag": -0.002,
      "keepVelocity": false,
      "splashDamageRadius": 15,
      "splashDamage": 200,
      "lifetime": 1500,
      "trailColor": "22ffff",
      "backColor": "55f5ff",
      "frontColor": "00ffff",
      "hitEffect": "blastExplosion",
      "despawnEffect": "blastExplosion",
      }
	}
}
