{
	"type": "BuilderDrone",
	"name": "Shield Drone",
	"description": "protective drones which orbit around the player.",
   "drag": 0.005,
	"speed": 0.5,
	"mass": 20,
	"hitsize": 15,
	"health": 450,
  "flying": true,
	"rotateWeapon": true,
	"engineOffset": 8,
	"engineSize": 2,
	"rotatespeed": 3,
	"baseRotateSpeed": 3,
	"shootCone": 360,
	"weapon": {
		"name": "nothing",
		"length": 1,
		"width": 0.1,
		"reload": 10,
    "shots": 1,
    "shootcone": 360,
    "shotDelay": 2,
		"alternate": false,
    "velocityRnd": 0.4,
    "spacing": 0.5,
    "shootSound": "artillery",
		"bullet": "healBullet",
 

	}
}
