{
	"type": "FlyingUnit",
	"name": "Tar flyer",
	"description": "fast unit with oil sprayers. Helps ignite areas by dropping oil.",
   "drag": 0.05,
	"speed": 0.1,
	"mass": 10,
	"hitsize": 15,
	"health": 100,
  "flying": true,
	"rotateWeapon": true,
	"engineOffset": 7,
	"engineSize": 2,
	"rotatespeed": 0.5,
	"baseRotateSpeed": 0.5,
	"shootCone": 360,
	"weapon": {
		"name": "oil-sprayer",
		"length": 1,
		"width": 2,
		"reload": 60,
    "shots": 20,
    "shootcone": 360,
    "shotDelay": 2,
		"alternate": false,
    "velocityRnd": 0.4,
    "spacing": 0.5,
    "shootSound": "artillery",
		"bullet": {
		  "type": "LiquidBulletType",
      "liquid" : "oil",
      "lifetime" : 120,
      "statusDuration" : 400,
      "drag" : 0.01,
      "speed" : 1,
      "shootSound": "laserbig",
}
	}
}
