{
	"type": "Revenant",
	"name": "the-rapture",
	"description": "Mothership-class destroyer equipped with high energy fissure cannons which obliterates anything in a line. Exceptional at cutting bases in half and cutting production lines. Beware the pause between shots",
  "drag": 0.15,
	"speed": 0.05,
	"mass": 80,
	"hitsize": 70,
	"health": 24000,
  "flying": true,
	"rotateWeapon": true,
	"engineOffset": 35,
	"engineSize": 20,
	"rotatespeed": 0.01,
	"baseRotateSpeed": 0.02,
	"shootCone": 100,
	"weapon": {
		"name": "fissure-cannon",
		"length": 5,
		"width": 15,
		"reload": 570,
		"shake": 4,
    "shots": 30,
    "shootcone": 120,
    "shotDelay": 1,
		"alternate": true,
		"inacuraccy": 0,
    "spacing": 0,
    "shootSound": "artillery",
		"bullet": {
		"type": "BasicBulletType",
      "bulletWidth": 24,
      "speed": 15,
      "damage": 1500,
      "bulletHeight": 40,
      "bulletShrink": 0,
      "lifetime": 1200,
      "backColor": "ffffff",
      "frontColor": "ffeedd",
      "hitEffect": "blastExplosion",
      "despawnEffect": "blastExplosion", 
      "shootSound": "laserbig",
      }
	}
}
