{
	"type": "Revenant",
	"name": "Zeus",
	"description": "Capital class zeus battleship. Equipped with electric shrapnel cannons.",
	
  "drag": 0.15,
	"speed": 0.05,
	"mass": 90,
	"hitsize": 50,
	"health": 6000,
    "flying": true,
	"rotateWeapon": true,
	"engineOffset": 13,
	"engineSize": 15,
	"rotatespeed": 0.03,
	"baseRotateSpeed": 0.07,
	"shootCone": 100,
	"weapon": {
		"name": "zeus-coil",
		"length": 4,
		"width": 20,
		"reload": 300,
    "shots": 8,
    "shootcone": 120,
    "shotDelay": 6,
		"alternate": true,
    "velocityRnd": 0.4,
    "spacing": 1,
    "shootSound": "artillery",
		"bullet": {
		"type": "BasicBulletType",
      "bulletWidth": 16,
      "speed": 6,
      "damage": 45,
      "innacuracy": 65,
      "bulletHeight": 20,
      "bulletShrink": 0,
      "drag": 0.005,
      "keepVelocity": false,
      "splashDamageRadius": 40,
      "splashDamage": 10,
      "lifetime": 40,
      "trailColor": "4466dd",
      "backColor": "44b3e0",
      "frontColor": "448ff3",
      "hitEffect": "blastExplosion",
      "despawnEffect": "blastExplosion",
      "fragBullets": 8,
      "fragBullet": "lightning"
      }
	}
	
}
