{
	"type": "unitFactory",
	"name": "Cryo Flyer factory",
	"description": "Constructs cryofluid fighters",
	"unitType": "aquarius",
	"produceTime": 650,
	"size": 2,
	"maxSpawn": 3,
	"consumes": {
		"power": 0.6,
		"items": {
		"items": [
            {"item": "titanium", "amount": 10.0},
            {"item": "silicon", "amount": 12.0},        
            ]
        
		}
  },
	"requirements": [
	    {"item": "lead", "amount": 40},
		{"item": "titanium", "amount": 30},
		{"item": "silicon", "amount" : 45},
	],
	"category": "units",
	"research": "wraith-factory"
}
