{
	"type": "unitFactory",
	"name": "Draco cruiser factory",
	"description": "Constructs cruiser-class draco battleships",
	"unitType": "draco",
	"produceTime": 2200,
	"size": 4,
	"maxSpawn": 3,
	"consumes": {
		"power": 3.6,
		"items": {
		"items": [
            {"item": "titanium", "amount": 60.0},
            {"item": "silicon", "amount": 70.0},        
            {"item": "pyratite", "amount": 40.0}
      ]
		}
  },
	"requirements": [
	    {"item": "lead", "amount": 200},
		{"item": "titanium", "amount": 200},
		{ "item": "plastanium", "amount": 75 },
		{"item": "silicon", "amount" : 210},
	],
	"category": "units",
	"research": "hephaestus-factory"
}
