{
	"type": "unitFactory",
	"name": "Hephaestus cruiser factory",
	"description": "Constructs cruiser-class hephaestean blaze battleships",
	"unitType": "hephaestus",
	"produceTime": 1800,
	"size": 4,
	"maxSpawn": 4,
	"consumes": {
		"power": 3.2,
		"items": {
		"items": [
            {"item": "titanium", "amount": 40.0},
            {"item": "silicon", "amount": 50.0},        
            {"item": "pyratite", "amount": 20.0}
      ]
		}
  },
	"requirements": [
	    {"item": "lead", "amount": 170},
		{"item": "titanium", "amount": 170},
		{ "item": "plastanium", "amount": 60},
		{"item": "silicon", "amount" : 200},
		
	],
	"category": "units",
	"research": "ghoul-factory"
}
