{
	"type": "unitFactory",
	"name": "Kugelblitz cruiser factory",
	"description": "Constructs cruiser-class emp kugelblitz battleships",
	"unitType": "kugelblitz",
	"produceTime": 2000,
	"size": 4,
	"maxSpawn": 3,
	"consumes": {
		"power": 3.4,
		"items": {
		"items": [
            {"item": "titanium", "amount": 35.0},
            {"item": "silicon", "amount": 35.0},
            {"item": "phase-fabric", "amount": 10}        
      ]
		}
  },
	"requirements": [
	    {"item": "lead", "amount": 170},
		{"item": "titanium", "amount": 170},
		{ "item": "plastanium", "amount": 60 },
		{"item": "silicon", "amount" : 170}
	],
	"category": "units",
	"research": "revenant-factory"
}
