{
	"type": "unitFactory",
	"name": "Lich capital factory",
	"description": "Constructs captial-class Lich battleships.",
	"unitType": "lich",
	"produceTime": 6000,
	"size": 7,
	"maxSpawn": 2,
	"consumes": {
		"power": 45,
		"items": {
		"items": [
            {"item": "titanium", "amount": 200.0},
            {"item": "silicon", "amount": 200.0},
            {"item": "plastanium", "amount": 200.0},
      ]
		}
  },
	"requirements": [
		{"item": "titanium", "amount": 350}
		{ "item": "plastanium", "amount": 300 },
		{"item": "silicon", "amount" : 350}
		{ "item": "thorium", "amount": 375 },
		{ "item": "surge-alloy", "amount": 200}
	],
	"category": "units",
	"research": "revenant-factory"
}
