{
	"type": "unitFactory",
	"name": "Meteorite capital factory",
	"description": "Constructs nuclear bomber meteorite capitals.",
	"unitType": "meteorite",
	"produceTime": 8000,
	"size": 7,
	"maxSpawn": 1,
	"consumes": {
		"power": 55,
		"items": {
		"items": [
            {"item": "titanium", "amount": 300.0},
            {"item": "silicon", "amount": 325.0},
            {"item": "plastanium", "amount": 275.0},
      ]
		}
  },
	"requirements": [
		{"item": "titanium", "amount": 370}
		{ "item": "plastanium", "amount": 345 },
		{"item": "silicon", "amount" : 400}
		{ "item": "thorium", "amount": 395 },
		{ "item": "surge-alloy", "amount": 350}
	],
	"category": "units",
	"research": "lich-factory"
}
