{
	"type": "unitFactory",
	"name": "Phantasm Cruiser factory",
	"description": "Construct hard to hit Phantasm stealth cruisers.",
	"unitType": "phantasm",
	"produceTime": 2100,
	"size": 4,
	"maxSpawn": 4,
	"consumes": {
		"power": 3.4,
		"items": {
		"items": [
            {"item": "titanium", "amount": 60.0},
            {"item": "silicon", "amount": 60.0}, 
            {"item": "phase-fabric", "amount": 50.0}       
            ]
		}
  },
	"requirements": [
	    {"item": "lead", "amount": 170},
		{"item": "titanium", "amount": 170},
		{"item": "silicon", "amount" : 210},
		{"item": "plastanium", "amount": 80}
	],
	"category": "units",
	"research": "nebula-factory"
}
