{
	"type": "unitFactory",
	"name": "Sagittarius cruiser factory",
	"description": "Constructs cruiser-class Sagittarius railgun battleships",
	"unitType": "sagittarius",
	"produceTime": 2000,
	"size": 4,
	"maxSpawn": 1,
	"consumes": {
		"power": 4,
		"items": {
		"items": [
            {"item": "titanium", "amount": 60.0},
            {"item": "silicon", "amount": 60.0},
            {"item": "phase-fabric", "amount": 40 }        
      ]
		}
  },
	"requirements": [
	    {"item": "lead", "amount": 200},
		{"item": "titanium", "amount": 200}
		{ "item": "plastanium", "amount": 100 },
		{"item": "silicon", "amount" : 220}
	],
	"category": "units",
	"research": "kugelblitz-factory"
}
